ID; Country; Year; Index; Rank; Hip hop/Rap/R&b; EDM; Pop; Rock/Metal; Latin/Reggaeton; Other; 
0; Australia; 2013; 7.35; 10; 31; 15.0; 65; 17.0; 0.0; 8; 
1; Australia; 2015; 7.284; 10; 31; 15.0; 65; 17.0; 0.0; 8; 
2; Australia; 2016; 7.313; 9; 31; 15.0; 65; 17.0; 0.0; 8; 
3; Australia; 2017; 7.284; 9; 31; 15.0; 65; 17.0; 0.0; 8; 
4; Australia; 2018; 7.272; 10; 31; 15.0; 65; 17.0; 0.0; 8; 
5; Australia; 2019; 7.228; 11; 31; 15.0; 65; 17.0; 0.0; 8; 
6; Australia; 2020; 7.223; 12; 31; 15.0; 65; 17.0; 0.0; 8; 
7; Australia; 2021; 7.183; 11; 31; 15.0; 65; 17.0; 0.0; 8; 
8; Australia; 2022; 7.162; 12; 31; 15.0; 65; 17.0; 0.0; 8; 
9; Australia; 2023; 7.095; 12; 31; 15.0; 65; 17.0; 0.0; 8; 
10; Canada; 2013; 7.477; 6; 39; 12.0; 64; 14.0; 0.0; 10; 
11; Canada; 2015; 7.427; 5; 39; 12.0; 64; 14.0; 0.0; 10; 
12; Canada; 2016; 7.404; 6; 39; 12.0; 64; 14.0; 0.0; 10; 
13; Canada; 2017; 7.316; 7; 39; 12.0; 64; 14.0; 0.0; 10; 
14; Canada; 2018; 7.328; 7; 39; 12.0; 64; 14.0; 0.0; 10; 
15; Canada; 2019; 7.278; 9; 39; 12.0; 64; 14.0; 0.0; 10; 
16; Canada; 2020; 7.232; 11; 39; 12.0; 64; 14.0; 0.0; 10; 
17; Canada; 2021; 7.103; 14; 39; 12.0; 64; 14.0; 0.0; 10; 
18; Canada; 2022; 7.025; 15; 39; 12.0; 64; 14.0; 0.0; 10; 
19; Canada; 2023; 6.961; 13; 39; 12.0; 64; 14.0; 0.0; 10; 
20; China; 2013; 4.978; 93; 11; 23.0; 108; 4.0; 0.0; 21; 
21; China; 2015; 5.14; 84; 11; 23.0; 108; 4.0; 0.0; 21; 
22; China; 2016; 5.245; 83; 11; 23.0; 108; 4.0; 0.0; 21; 
23; China; 2017; 5.273; 79; 11; 23.0; 108; 4.0; 0.0; 21; 
24; China; 2018; 5.246; 86; 11; 23.0; 108; 4.0; 0.0; 21; 
25; China; 2019; 5.191; 93; 11; 23.0; 108; 4.0; 0.0; 21; 
26; China; 2020; 5.124; 94; 11; 23.0; 108; 4.0; 0.0; 21; 
27; China; 2021; 5.339; 84; 11; 23.0; 108; 4.0; 0.0; 21; 
28; China; 2022; 5.585; 72; 11; 23.0; 108; 4.0; 0.0; 21; 
29; China; 2023; 5.818; 64; 11; 23.0; 108; 4.0; 0.0; 21; 
30; India; 2013; 4.772; 111; 25; 1.0; 39; 0.0; 0.0; 55; 
31; India; 2015; 4.565; 117; 25; 1.0; 39; 0.0; 0.0; 55; 
32; India; 2016; 4.404; 118; 25; 1.0; 39; 0.0; 0.0; 55; 
33; India; 2017; 4.315; 122; 25; 1.0; 39; 0.0; 0.0; 55; 
34; India; 2018; 4.19; 133; 25; 1.0; 39; 0.0; 0.0; 55; 
35; India; 2019; 4.015; 140; 25; 1.0; 39; 0.0; 0.0; 55; 
36; India; 2020; 3.573; 144; 25; 1.0; 39; 0.0; 0.0; 55; 
37; India; 2021; 3.819; 139; 25; 1.0; 39; 0.0; 0.0; 55; 
38; India; 2022; 3.777; 136; 25; 1.0; 39; 0.0; 0.0; 55; 
39; India; 2023; 4.036; 126; 25; 1.0; 39; 0.0; 0.0; 55; 
40; Mexico; 2013; 7.088; 16; 38; 0.0; 18; 2.0; 57.0; 43; 
41; Mexico; 2015; 7.187; 14; 38; 0.0; 18; 2.0; 57.0; 43; 
42; Mexico; 2016; 6.778; 21; 38; 0.0; 18; 2.0; 57.0; 43; 
43; Mexico; 2017; 6.578; 25; 38; 0.0; 18; 2.0; 57.0; 43; 
44; Mexico; 2018; 6.488; 24; 38; 0.0; 18; 2.0; 57.0; 43; 
45; Mexico; 2019; 6.595; 23; 38; 0.0; 18; 2.0; 57.0; 43; 
46; Mexico; 2020; 6.465; 24; 38; 0.0; 18; 2.0; 57.0; 43; 
47; Mexico; 2021; 6.317; 36; 38; 0.0; 18; 2.0; 57.0; 43; 
48; Mexico; 2022; 6.128; 46; 38; 0.0; 18; 2.0; 57.0; 43; 
49; Mexico; 2023; 6.33; 36; 38; 0.0; 18; 2.0; 57.0; 43; 
50; Russia; 2013; 5.464; 68; 27; 9.0; 48; 9.0; 2.0; 9; 
51; Russia; 2015; 5.716; 64; 27; 9.0; 48; 9.0; 2.0; 9; 
52; Russia; 2016; 5.856; 56; 27; 9.0; 48; 9.0; 2.0; 9; 
53; Russia; 2017; 5.963; 49; 27; 9.0; 48; 9.0; 2.0; 9; 
54; Russia; 2018; 5.81; 59; 27; 9.0; 48; 9.0; 2.0; 9; 
55; Russia; 2019; 5.648; 68; 27; 9.0; 48; 9.0; 2.0; 9; 
56; Russia; 2020; 5.546; 73; 27; 9.0; 48; 9.0; 2.0; 9; 
57; Russia; 2021; 5.477; 76; 27; 9.0; 48; 9.0; 2.0; 9; 
58; Russia; 2022; 5.459; 80; 27; 9.0; 48; 9.0; 2.0; 9; 
59; Russia; 2023; 5.661; 70; 27; 9.0; 48; 9.0; 2.0; 9; 
60; Colombia; 2013; 6.416; 35; 50; 0.0; 22; 0.0; 86.0; 3; 
61; Colombia; 2015; 6.477; 33; 50; 0.0; 22; 0.0; 86.0; 3; 
62; Colombia; 2016; 6.481; 31; 50; 0.0; 22; 0.0; 86.0; 3; 
63; Colombia; 2017; 6.357; 36; 50; 0.0; 22; 0.0; 86.0; 3; 
64; Colombia; 2018; 6.26; 37; 50; 0.0; 22; 0.0; 86.0; 3; 
65; Colombia; 2019; 6.125; 43; 50; 0.0; 22; 0.0; 86.0; 3; 
66; Colombia; 2020; 6.163; 44; 50; 0.0; 22; 0.0; 86.0; 3; 
67; Colombia; 2021; 6.012; 52; 50; 0.0; 22; 0.0; 86.0; 3; 
68; Colombia; 2022; 5.781; 66; 50; 0.0; 22; 0.0; 86.0; 3; 
69; Colombia; 2023; 5.63; 72; 50; 0.0; 22; 0.0; 86.0; 3; 
70; France; 2013; 6.764; 25; 47; 6.0; 50; 7.0; 1.0; 22; 
71; France; 2015; 6.575; 29; 47; 6.0; 50; 7.0; 1.0; 22; 
72; France; 2016; 6.478; 32; 47; 6.0; 50; 7.0; 1.0; 22; 
73; France; 2017; 6.442; 31; 47; 6.0; 50; 7.0; 1.0; 22; 
74; France; 2018; 6.489; 23; 47; 6.0; 50; 7.0; 1.0; 22; 
75; France; 2019; 6.592; 24; 47; 6.0; 50; 7.0; 1.0; 22; 
76; France; 2020; 6.664; 23; 47; 6.0; 50; 7.0; 1.0; 22; 
77; France; 2021; 6.69; 21; 47; 6.0; 50; 7.0; 1.0; 22; 
78; France; 2022; 6.687; 20; 47; 6.0; 50; 7.0; 1.0; 22; 
79; France; 2023; 6.661; 21; 47; 6.0; 50; 7.0; 1.0; 22; 
80; Italy; 2013; 6.021; 45; 47; 7.0; 35; 2.0; 0.0; 9; 
81; Italy; 2015; 5.948; 50; 47; 7.0; 35; 2.0; 0.0; 9; 
82; Italy; 2016; 5.977; 50; 47; 7.0; 35; 2.0; 0.0; 9; 
83; Italy; 2017; 5.964; 48; 47; 7.0; 35; 2.0; 0.0; 9; 
84; Italy; 2018; 6; 47; 47; 7.0; 35; 2.0; 0.0; 9; 
85; Italy; 2019; 6.223; 36; 47; 7.0; 35; 2.0; 0.0; 9; 
86; Italy; 2020; 6.387; 30; 47; 7.0; 35; 2.0; 0.0; 9; 
87; Italy; 2021; 6.483; 28; 47; 7.0; 35; 2.0; 0.0; 9; 
88; Italy; 2022; 6.467; 31; 47; 7.0; 35; 2.0; 0.0; 9; 
89; Italy; 2023; 6.405; 33; 47; 7.0; 35; 2.0; 0.0; 9; 
90; Japan; 2013; 6.064; 43; 0; 1.0; 63; 16.0; 0.0; 17; 
91; Japan; 2015; 5.987; 46; 0; 1.0; 63; 16.0; 0.0; 17; 
92; Japan; 2016; 5.921; 53; 0; 1.0; 63; 16.0; 0.0; 17; 
93; Japan; 2017; 5.92; 51; 0; 1.0; 63; 16.0; 0.0; 17; 
94; Japan; 2018; 5.915; 54; 0; 1.0; 63; 16.0; 0.0; 17; 
95; Japan; 2019; 5.886; 58; 0; 1.0; 63; 16.0; 0.0; 17; 
96; Japan; 2020; 5.871; 62; 0; 1.0; 63; 16.0; 0.0; 17; 
97; Japan; 2021; 5.94; 56; 0; 1.0; 63; 16.0; 0.0; 17; 
98; Japan; 2022; 6.039; 54; 0; 1.0; 63; 16.0; 0.0; 17; 
99; Japan; 2023; 6.129; 47; 0; 1.0; 63; 16.0; 0.0; 17; 
100; Philippines; 2013; 4.985; 92; 21; 0.0; 35; 3.0; 0.0; 19; 
101; Philippines; 2015; 5.073; 90; 21; 0.0; 35; 3.0; 0.0; 19; 
102; Philippines; 2016; 5.279; 82; 21; 0.0; 35; 3.0; 0.0; 19; 
103; Philippines; 2017; 5.43; 72; 21; 0.0; 35; 3.0; 0.0; 19; 
104; Philippines; 2018; 5.524; 71; 21; 0.0; 35; 3.0; 0.0; 19; 
105; Philippines; 2019; 5.631; 69; 21; 0.0; 35; 3.0; 0.0; 19; 
106; Philippines; 2020; 6.006; 52; 21; 0.0; 35; 3.0; 0.0; 19; 
107; Philippines; 2021; 5.88; 61; 21; 0.0; 35; 3.0; 0.0; 19; 
108; Philippines; 2022; 5.904; 60; 21; 0.0; 35; 3.0; 0.0; 19; 
109; Philippines; 2023; 5.523; 76; 21; 0.0; 35; 3.0; 0.0; 19; 
110; Spain; 2013; 6.322; 38; 54; 0.0; 22; 0.0; 38.0; 18; 
111; Spain; 2015; 6.329; 36; 54; 0.0; 22; 0.0; 38.0; 18; 
112; Spain; 2016; 6.361; 37; 54; 0.0; 22; 0.0; 38.0; 18; 
113; Spain; 2017; 6.403; 34; 54; 0.0; 22; 0.0; 38.0; 18; 
114; Spain; 2018; 6.31; 36; 54; 0.0; 22; 0.0; 38.0; 18; 
115; Spain; 2019; 6.354; 30; 54; 0.0; 22; 0.0; 38.0; 18; 
116; Spain; 2020; 6.401; 28; 54; 0.0; 22; 0.0; 38.0; 18; 
117; Spain; 2021; 6.491; 27; 54; 0.0; 22; 0.0; 38.0; 18; 
118; Spain; 2022; 6.476; 29; 54; 0.0; 22; 0.0; 38.0; 18; 
119; Spain; 2023; 6.436; 32; 54; 0.0; 22; 0.0; 38.0; 18; 
120; Argentina; 2013; 6.562; 29; 59; 0.0; 29; 0.0; 32.0; 8; 
121; Argentina; 2015; 6.574; 30; 59; 0.0; 29; 0.0; 32.0; 8; 
122; Argentina; 2016; 6.65; 26; 59; 0.0; 29; 0.0; 32.0; 8; 
123; Argentina; 2017; 6.599; 24; 59; 0.0; 29; 0.0; 32.0; 8; 
124; Argentina; 2018; 6.388; 29; 59; 0.0; 29; 0.0; 32.0; 8; 
125; Argentina; 2019; 6.086; 47; 59; 0.0; 29; 0.0; 32.0; 8; 
126; Argentina; 2020; 5.975; 55; 59; 0.0; 29; 0.0; 32.0; 8; 
127; Argentina; 2021; 5.929; 57; 59; 0.0; 29; 0.0; 32.0; 8; 
128; Argentina; 2022; 5.967; 57; 59; 0.0; 29; 0.0; 32.0; 8; 
129; Argentina; 2023; 6.024; 52; 59; 0.0; 29; 0.0; 32.0; 8; 
130; Germany; 2013; 6.672; 26; 41; 18.0; 33; 3.0; 2.0; 12; 
131; Germany; 2015; 6.75; 26; 41; 18.0; 33; 3.0; 2.0; 12; 
132; Germany; 2016; 6.994; 16; 41; 18.0; 33; 3.0; 2.0; 12; 
133; Germany; 2017; 6.951; 16; 41; 18.0; 33; 3.0; 2.0; 12; 
134; Germany; 2018; 6.965; 15; 41; 18.0; 33; 3.0; 2.0; 12; 
135; Germany; 2019; 6.985; 17; 41; 18.0; 33; 3.0; 2.0; 12; 
136; Germany; 2020; 7.076; 17; 41; 18.0; 33; 3.0; 2.0; 12; 
137; Germany; 2021; 7.155; 13; 41; 18.0; 33; 3.0; 2.0; 12; 
138; Germany; 2022; 7.034; 14; 41; 18.0; 33; 3.0; 2.0; 12; 
139; Germany; 2023; 6.892; 16; 41; 18.0; 33; 3.0; 2.0; 12; 
140; Israel; 2013; 7.301; 11; 11; 0.0; 25; 5.0; 0.0; 8; 
141; Israel; 2015; 7.278; 11; 11; 0.0; 25; 5.0; 0.0; 8; 
142; Israel; 2016; 7.267; 11; 11; 0.0; 25; 5.0; 0.0; 8; 
143; Israel; 2017; 7.213; 11; 11; 0.0; 25; 5.0; 0.0; 8; 
144; Israel; 2018; 7.19; 11; 11; 0.0; 25; 5.0; 0.0; 8; 
145; Israel; 2019; 7.139; 13; 11; 0.0; 25; 5.0; 0.0; 8; 
146; Israel; 2020; 7.129; 14; 11; 0.0; 25; 5.0; 0.0; 8; 
147; Israel; 2021; 7.157; 12; 11; 0.0; 25; 5.0; 0.0; 8; 
148; Israel; 2022; 7.364; 9; 11; 0.0; 25; 5.0; 0.0; 8; 
149; Israel; 2023; 7.473; 4; 11; 0.0; 25; 5.0; 0.0; 8; 
150; Paraguay; 2013; 5.779; 54; 55; 0.0; 22; 0.0; 66.0; 6; 
151; Paraguay; 2015; 5.878; 53; 55; 0.0; 22; 0.0; 66.0; 6; 
152; Paraguay; 2016; 5.538; 70; 55; 0.0; 22; 0.0; 66.0; 6; 
153; Paraguay; 2017; 5.493; 70; 55; 0.0; 22; 0.0; 66.0; 6; 
154; Paraguay; 2018; 5.681; 64; 55; 0.0; 22; 0.0; 66.0; 6; 
155; Paraguay; 2019; 5.743; 63; 55; 0.0; 22; 0.0; 66.0; 6; 
156; Paraguay; 2020; 5.692; 67; 55; 0.0; 22; 0.0; 66.0; 6; 
157; Paraguay; 2021; 5.653; 71; 55; 0.0; 22; 0.0; 66.0; 6; 
158; Paraguay; 2022; 5.578; 73; 55; 0.0; 22; 0.0; 66.0; 6; 
159; Paraguay; 2023; 5.738; 66; 55; 0.0; 22; 0.0; 66.0; 6; 
160; Argentina; 2013; 6.562; 29; 59; 0.0; 29; 0.0; 32.0; 8; 
161; Argentina; 2015; 6.574; 30; 59; 0.0; 29; 0.0; 32.0; 8; 
162; Argentina; 2016; 6.65; 26; 59; 0.0; 29; 0.0; 32.0; 8; 
163; Argentina; 2017; 6.599; 24; 59; 0.0; 29; 0.0; 32.0; 8; 
164; Argentina; 2018; 6.388; 29; 59; 0.0; 29; 0.0; 32.0; 8; 
165; Argentina; 2019; 6.086; 47; 59; 0.0; 29; 0.0; 32.0; 8; 
166; Argentina; 2020; 5.975; 55; 59; 0.0; 29; 0.0; 32.0; 8; 
167; Argentina; 2021; 5.929; 57; 59; 0.0; 29; 0.0; 32.0; 8; 
168; Argentina; 2022; 5.967; 57; 59; 0.0; 29; 0.0; 32.0; 8; 
169; Argentina; 2023; 6.024; 52; 59; 0.0; 29; 0.0; 32.0; 8; 
170; Germany; 2013; 6.672; 26; 41; 18.0; 33; 3.0; 2.0; 12; 
171; Germany; 2015; 6.75; 26; 41; 18.0; 33; 3.0; 2.0; 12; 
172; Germany; 2016; 6.994; 16; 41; 18.0; 33; 3.0; 2.0; 12; 
173; Germany; 2017; 6.951; 16; 41; 18.0; 33; 3.0; 2.0; 12; 
174; Germany; 2018; 6.965; 15; 41; 18.0; 33; 3.0; 2.0; 12; 
175; Germany; 2019; 6.985; 17; 41; 18.0; 33; 3.0; 2.0; 12; 
176; Germany; 2020; 7.076; 17; 41; 18.0; 33; 3.0; 2.0; 12; 
177; Germany; 2021; 7.155; 13; 41; 18.0; 33; 3.0; 2.0; 12; 
178; Germany; 2022; 7.034; 14; 41; 18.0; 33; 3.0; 2.0; 12; 
179; Germany; 2023; 6.892; 16; 41; 18.0; 33; 3.0; 2.0; 12; 
180; Israel; 2013; 7.301; 11; 11; 0.0; 25; 5.0; 0.0; 8; 
181; Israel; 2015; 7.278; 11; 11; 0.0; 25; 5.0; 0.0; 8; 
182; Israel; 2016; 7.267; 11; 11; 0.0; 25; 5.0; 0.0; 8; 
183; Israel; 2017; 7.213; 11; 11; 0.0; 25; 5.0; 0.0; 8; 
184; Israel; 2018; 7.19; 11; 11; 0.0; 25; 5.0; 0.0; 8; 
185; Israel; 2019; 7.139; 13; 11; 0.0; 25; 5.0; 0.0; 8; 
186; Israel; 2020; 7.129; 14; 11; 0.0; 25; 5.0; 0.0; 8; 
187; Israel; 2021; 7.157; 12; 11; 0.0; 25; 5.0; 0.0; 8; 
188; Israel; 2022; 7.364; 9; 11; 0.0; 25; 5.0; 0.0; 8; 
189; Israel; 2023; 7.473; 4; 11; 0.0; 25; 5.0; 0.0; 8; 
190; Paraguay; 2013; 5.779; 54; 55; 0.0; 22; 0.0; 66.0; 6; 
191; Paraguay; 2015; 5.878; 53; 55; 0.0; 22; 0.0; 66.0; 6; 
192; Paraguay; 2016; 5.538; 70; 55; 0.0; 22; 0.0; 66.0; 6; 
193; Paraguay; 2017; 5.493; 70; 55; 0.0; 22; 0.0; 66.0; 6; 
194; Paraguay; 2018; 5.681; 64; 55; 0.0; 22; 0.0; 66.0; 6; 
195; Paraguay; 2019; 5.743; 63; 55; 0.0; 22; 0.0; 66.0; 6; 
196; Paraguay; 2020; 5.692; 67; 55; 0.0; 22; 0.0; 66.0; 6; 
197; Paraguay; 2021; 5.653; 71; 55; 0.0; 22; 0.0; 66.0; 6; 
198; Paraguay; 2022; 5.578; 73; 55; 0.0; 22; 0.0; 66.0; 6; 
199; Paraguay; 2023; 5.738; 66; 55; 0.0; 22; 0.0; 66.0; 6; 
200; Taiwan; 2013; 6.221; 42; 3; 0.0; 60; 2.0; 0.0; 21; 
201; Taiwan; 2015; 6.298; 38; 3; 0.0; 60; 2.0; 0.0; 21; 
202; Taiwan; 2016; 6.379; 34; 3; 0.0; 60; 2.0; 0.0; 21; 
203; Taiwan; 2017; 6.422; 33; 3; 0.0; 60; 2.0; 0.0; 21; 
204; Taiwan; 2018; 6.441; 26; 3; 0.0; 60; 2.0; 0.0; 21; 
205; Taiwan; 2019; 6.446; 25; 3; 0.0; 60; 2.0; 0.0; 21; 
206; Taiwan; 2020; 6.455; 25; 3; 0.0; 60; 2.0; 0.0; 21; 
207; Taiwan; 2021; 6.584; 24; 3; 0.0; 60; 2.0; 0.0; 21; 
208; Taiwan; 2022; 6.512; 26; 3; 0.0; 60; 2.0; 0.0; 21; 
209; Taiwan; 2023; 6.535; 27; 3; 0.0; 60; 2.0; 0.0; 21; 
210; Ukraine; 2013; 5.057; 87; 23; 0.0; 26; 8.0; 0.0; 15; 
211; Ukraine; 2015; 4.681; 111; 23; 0.0; 26; 8.0; 0.0; 15; 
212; Ukraine; 2016; 4.324; 123; 23; 0.0; 26; 8.0; 0.0; 15; 
213; Ukraine; 2017; 4.096; 132; 23; 0.0; 26; 8.0; 0.0; 15; 
214; Ukraine; 2018; 4.103; 138; 23; 0.0; 26; 8.0; 0.0; 15; 
215; Ukraine; 2019; 4.332; 133; 23; 0.0; 26; 8.0; 0.0; 15; 
216; Ukraine; 2020; 4.561; 123; 23; 0.0; 26; 8.0; 0.0; 15; 
217; Ukraine; 2021; 4.875; 110; 23; 0.0; 26; 8.0; 0.0; 15; 
218; Ukraine; 2022; 5.084; 98; 23; 0.0; 26; 8.0; 0.0; 15; 
219; Ukraine; 2023; 5.071; 92; 23; 0.0; 26; 8.0; 0.0; 15; 
220; Chile; 2013; 6.587; 28; 46; 0.0; 14; 0.0; 46.0; 31; 
221; Chile; 2015; 6.67; 27; 46; 0.0; 14; 0.0; 46.0; 31; 
222; Chile; 2016; 6.705; 24; 46; 0.0; 14; 0.0; 46.0; 31; 
223; Chile; 2017; 6.652; 20; 46; 0.0; 14; 0.0; 46.0; 31; 
224; Chile; 2018; 6.476; 25; 46; 0.0; 14; 0.0; 46.0; 31; 
225; Chile; 2019; 6.444; 26; 46; 0.0; 14; 0.0; 46.0; 31; 
226; Chile; 2020; 6.228; 39; 46; 0.0; 14; 0.0; 46.0; 31; 
227; Chile; 2021; 6.172; 43; 46; 0.0; 14; 0.0; 46.0; 31; 
228; Chile; 2022; 6.172; 44; 46; 0.0; 14; 0.0; 46.0; 31; 
229; Chile; 2023; 6.334; 35; 46; 0.0; 14; 0.0; 46.0; 31; 
230; Indonesia; 2013; 5.348; 76; 5; 0.0; 32; 0.0; 0.0; 19; 
231; Indonesia; 2015; 5.399; 74; 5; 0.0; 32; 0.0; 0.0; 19; 
232; Indonesia; 2016; 5.314; 79; 5; 0.0; 32; 0.0; 0.0; 19; 
233; Indonesia; 2017; 5.262; 81; 5; 0.0; 32; 0.0; 0.0; 19; 
234; Indonesia; 2018; 5.093; 96; 5; 0.0; 32; 0.0; 0.0; 19; 
235; Indonesia; 2019; 5.192; 92; 5; 0.0; 32; 0.0; 0.0; 19; 
236; Indonesia; 2020; 5.286; 84; 5; 0.0; 32; 0.0; 0.0; 19; 
237; Indonesia; 2021; 5.345; 82; 5; 0.0; 32; 0.0; 0.0; 19; 
238; Indonesia; 2022; 5.24; 87; 5; 0.0; 32; 0.0; 0.0; 19; 
239; Indonesia; 2023; 5.277; 84; 5; 0.0; 32; 0.0; 0.0; 19; 
240; Peru; 2013; 5.776; 55; 52; 0.0; 25; 2.0; 72.0; 8; 
241; Peru; 2015; 5.824; 58; 52; 0.0; 25; 2.0; 72.0; 8; 
242; Peru; 2016; 5.743; 64; 52; 0.0; 25; 2.0; 72.0; 8; 
243; Peru; 2017; 5.715; 63; 52; 0.0; 25; 2.0; 72.0; 8; 
244; Peru; 2018; 5.663; 65; 52; 0.0; 25; 2.0; 72.0; 8; 
245; Peru; 2019; 5.697; 65; 52; 0.0; 25; 2.0; 72.0; 8; 
246; Peru; 2020; 5.797; 63; 52; 0.0; 25; 2.0; 72.0; 8; 
247; Peru; 2021; 5.84; 63; 52; 0.0; 25; 2.0; 72.0; 8; 
248; Peru; 2022; 5.559; 74; 52; 0.0; 25; 2.0; 72.0; 8; 
249; Peru; 2023; 5.526; 75; 52; 0.0; 25; 2.0; 72.0; 8; 
250; Thailand; 2013; 6.371; 36; 7; 0.0; 38; 4.0; 0.0; 1; 
251; Thailand; 2015; 6.455; 34; 7; 0.0; 38; 4.0; 0.0; 1; 
252; Thailand; 2016; 6.474; 33; 7; 0.0; 38; 4.0; 0.0; 1; 
253; Thailand; 2017; 6.424; 32; 7; 0.0; 38; 4.0; 0.0; 1; 
254; Thailand; 2018; 6.072; 46; 7; 0.0; 38; 4.0; 0.0; 1; 
255; Thailand; 2019; 6.008; 52; 7; 0.0; 38; 4.0; 0.0; 1; 
256; Thailand; 2020; 5.999; 54; 7; 0.0; 38; 4.0; 0.0; 1; 
257; Thailand; 2021; 5.985; 54; 7; 0.0; 38; 4.0; 0.0; 1; 
258; Thailand; 2022; 5.891; 61; 7; 0.0; 38; 4.0; 0.0; 1; 
259; Thailand; 2023; 5.843; 60; 7; 0.0; 38; 4.0; 0.0; 1; 
260; Venezuela; 2013; 7.039; 20; 45; 0.0; 25; 0.0; 63.0; 6; 
261; Venezuela; 2015; 6.81; 23; 45; 0.0; 25; 0.0; 63.0; 6; 
262; Venezuela; 2016; 6.084; 44; 45; 0.0; 25; 0.0; 63.0; 6; 
263; Venezuela; 2017; 5.25; 82; 45; 0.0; 25; 0.0; 63.0; 6; 
264; Venezuela; 2018; 4.806; 102; 45; 0.0; 25; 0.0; 63.0; 6; 
265; Venezuela; 2019; 4.707; 108; 45; 0.0; 25; 0.0; 63.0; 6; 
266; Venezuela; 2020; 5.053; 99; 45; 0.0; 25; 0.0; 63.0; 6; 
267; Venezuela; 2021; 4.892; 107; 45; 0.0; 25; 0.0; 63.0; 6; 
268; Venezuela; 2022; 4.925; 108; 45; 0.0; 25; 0.0; 63.0; 6; 
269; Venezuela; 2023; 5.211; 88; 45; 0.0; 25; 0.0; 63.0; 6; 
270; Denmark; 2013; 7.693; 1; 16; 8.0; 36; 7.0; 0.0; 5; 
271; Denmark; 2015; 7.527; 3; 16; 8.0; 36; 7.0; 0.0; 5; 
272; Denmark; 2016; 7.526; 1; 16; 8.0; 36; 7.0; 0.0; 5; 
273; Denmark; 2017; 7.522; 2; 16; 8.0; 36; 7.0; 0.0; 5; 
274; Denmark; 2018; 7.555; 3; 16; 8.0; 36; 7.0; 0.0; 5; 
275; Denmark; 2019; 7.6; 2; 16; 8.0; 36; 7.0; 0.0; 5; 
276; Denmark; 2020; 7.646; 2; 16; 8.0; 36; 7.0; 0.0; 5; 
277; Denmark; 2021; 7.62; 2; 16; 8.0; 36; 7.0; 0.0; 5; 
278; Denmark; 2022; 7.636; 2; 16; 8.0; 36; 7.0; 0.0; 5; 
279; Denmark; 2023; 7.586; 2; 16; 8.0; 36; 7.0; 0.0; 5; 
280; Egypt; 2013; 4.273; 130; 52; 0.0; 26; 5.0; 0.0; 6; 
281; Egypt; 2015; 4.194; 135; 52; 0.0; 26; 5.0; 0.0; 6; 
282; Egypt; 2016; 4.362; 120; 52; 0.0; 26; 5.0; 0.0; 6; 
283; Egypt; 2017; 4.735; 104; 52; 0.0; 26; 5.0; 0.0; 6; 
284; Egypt; 2018; 4.419; 122; 52; 0.0; 26; 5.0; 0.0; 6; 
285; Egypt; 2019; 4.166; 137; 52; 0.0; 26; 5.0; 0.0; 6; 
286; Egypt; 2020; 4.151; 138; 52; 0.0; 26; 5.0; 0.0; 6; 
287; Egypt; 2021; 4.283; 132; 52; 0.0; 26; 5.0; 0.0; 6; 
288; Egypt; 2022; 4.288; 129; 52; 0.0; 26; 5.0; 0.0; 6; 
289; Egypt; 2023; 4.17; 121; 52; 0.0; 26; 5.0; 0.0; 6; 
290; Ireland; 2013; 7.076; 18; 24; 31.0; 79; 9.0; 0.0; 10; 
291; Ireland; 2015; 6.94; 18; 24; 31.0; 79; 9.0; 0.0; 10; 
292; Ireland; 2016; 6.907; 19; 24; 31.0; 79; 9.0; 0.0; 10; 
293; Ireland; 2017; 6.977; 15; 24; 31.0; 79; 9.0; 0.0; 10; 
294; Ireland; 2018; 6.977; 14; 24; 31.0; 79; 9.0; 0.0; 10; 
295; Ireland; 2019; 7.021; 16; 24; 31.0; 79; 9.0; 0.0; 10; 
296; Ireland; 2020; 7.094; 16; 24; 31.0; 79; 9.0; 0.0; 10; 
297; Ireland; 2021; 7.085; 15; 24; 31.0; 79; 9.0; 0.0; 10; 
298; Ireland; 2022; 7.041; 13; 24; 31.0; 79; 9.0; 0.0; 10; 
299; Ireland; 2023; 6.911; 14; 24; 31.0; 79; 9.0; 0.0; 10; 
300; Morocco; 2013; 4.885; 99; 52; 1.0; 40; 2.0; 0.0; 16; 
301; Morocco; 2015; 5.013; 92; 52; 1.0; 40; 2.0; 0.0; 16; 
302; Morocco; 2016; 5.151; 90; 52; 1.0; 40; 2.0; 0.0; 16; 
303; Morocco; 2017; 5.235; 84; 52; 1.0; 40; 2.0; 0.0; 16; 
304; Morocco; 2018; 5.254; 85; 52; 1.0; 40; 2.0; 0.0; 16; 
305; Morocco; 2019; 5.208; 89; 52; 1.0; 40; 2.0; 0.0; 16; 
306; Morocco; 2020; 5.095; 97; 52; 1.0; 40; 2.0; 0.0; 16; 
307; Morocco; 2021; 4.918; 106; 52; 1.0; 40; 2.0; 0.0; 16; 
308; Morocco; 2022; 5.06; 100; 52; 1.0; 40; 2.0; 0.0; 16; 
309; Morocco; 2023; 4.903; 100; 52; 1.0; 40; 2.0; 0.0; 16; 
310; Netherlands; 2013; 7.512; 4; 13; 39.0; 63; 7.0; 0.0; 12; 
311; Netherlands; 2015; 7.378; 7; 13; 39.0; 63; 7.0; 0.0; 12; 
312; Netherlands; 2016; 7.339; 7; 13; 39.0; 63; 7.0; 0.0; 12; 
313; Netherlands; 2017; 7.377; 6; 13; 39.0; 63; 7.0; 0.0; 12; 
314; Netherlands; 2018; 7.441; 6; 13; 39.0; 63; 7.0; 0.0; 12; 
315; Netherlands; 2019; 7.488; 5; 13; 39.0; 63; 7.0; 0.0; 12; 
316; Netherlands; 2020; 7.449; 6; 13; 39.0; 63; 7.0; 0.0; 12; 
317; Netherlands; 2021; 7.464; 5; 13; 39.0; 63; 7.0; 0.0; 12; 
318; Netherlands; 2022; 7.415; 5; 13; 39.0; 63; 7.0; 0.0; 12; 
319; Netherlands; 2023; 7.403; 5; 13; 39.0; 63; 7.0; 0.0; 12; 
320; Norway; 2013; 7.655; 2; 13; 18.0; 44; 5.0; 0.0; 12; 
321; Norway; 2015; 7.522; 4; 13; 18.0; 44; 5.0; 0.0; 12; 
322; Norway; 2016; 7.498; 4; 13; 18.0; 44; 5.0; 0.0; 12; 
323; Norway; 2017; 7.537; 1; 13; 18.0; 44; 5.0; 0.0; 12; 
324; Norway; 2018; 7.594; 2; 13; 18.0; 44; 5.0; 0.0; 12; 
325; Norway; 2019; 7.554; 3; 13; 18.0; 44; 5.0; 0.0; 12; 
326; Norway; 2020; 7.488; 5; 13; 18.0; 44; 5.0; 0.0; 12; 
327; Norway; 2021; 7.392; 6; 13; 18.0; 44; 5.0; 0.0; 12; 
328; Norway; 2022; 7.365; 8; 13; 18.0; 44; 5.0; 0.0; 12; 
329; Norway; 2023; 7.315; 7; 13; 18.0; 44; 5.0; 0.0; 12; 
330; Portugal; 2013; 5.101; 85; 13; 7.0; 28; 4.0; 0.0; 46; 
331; Portugal; 2015; 5.102; 88; 13; 7.0; 28; 4.0; 0.0; 46; 
332; Portugal; 2016; 5.123; 94; 13; 7.0; 28; 4.0; 0.0; 46; 
333; Portugal; 2017; 5.195; 89; 13; 7.0; 28; 4.0; 0.0; 46; 
334; Portugal; 2018; 5.41; 77; 13; 7.0; 28; 4.0; 0.0; 46; 
335; Portugal; 2019; 5.693; 66; 13; 7.0; 28; 4.0; 0.0; 46; 
336; Portugal; 2020; 5.911; 59; 13; 7.0; 28; 4.0; 0.0; 46; 
337; Portugal; 2021; 5.929; 58; 13; 7.0; 28; 4.0; 0.0; 46; 
338; Portugal; 2022; 6.016; 56; 13; 7.0; 28; 4.0; 0.0; 46; 
339; Portugal; 2023; 5.968; 56; 13; 7.0; 28; 4.0; 0.0; 46; 
340; Vietnam; 2013; 5.533; 63; 19; 0.0; 35; 2.0; 0.0; 19; 
341; Vietnam; 2015; 5.36; 75; 19; 0.0; 35; 2.0; 0.0; 19; 
342; Vietnam; 2016; 5.061; 96; 19; 0.0; 35; 2.0; 0.0; 19; 
343; Vietnam; 2017; 5.074; 94; 19; 0.0; 35; 2.0; 0.0; 19; 
344; Vietnam; 2018; 5.103; 95; 19; 0.0; 35; 2.0; 0.0; 19; 
345; Vietnam; 2019; 5.175; 94; 19; 0.0; 35; 2.0; 0.0; 19; 
346; Vietnam; 2020; 5.353; 83; 19; 0.0; 35; 2.0; 0.0; 19; 
347; Vietnam; 2021; 5.411; 79; 19; 0.0; 35; 2.0; 0.0; 19; 
348; Vietnam; 2022; 5.485; 77; 19; 0.0; 35; 2.0; 0.0; 19; 
349; Vietnam; 2023; 5.763; 65; 19; 0.0; 35; 2.0; 0.0; 19; 
350; Bolivia; 2013; 5.857; 50; 51; 0.0; 29; 2.0; 72.0; 8; 
351; Bolivia; 2015; 5.89; 51; 51; 0.0; 29; 2.0; 72.0; 8; 
352; Bolivia; 2016; 5.822; 59; 51; 0.0; 29; 2.0; 72.0; 8; 
353; Bolivia; 2017; 5.823; 58; 51; 0.0; 29; 2.0; 72.0; 8; 
354; Bolivia; 2018; 5.752; 62; 51; 0.0; 29; 2.0; 72.0; 8; 
355; Bolivia; 2019; 5.779; 61; 51; 0.0; 29; 2.0; 72.0; 8; 
356; Bolivia; 2020; 5.747; 65; 51; 0.0; 29; 2.0; 72.0; 8; 
357; Bolivia; 2021; 5.716; 69; 51; 0.0; 29; 2.0; 72.0; 8; 
358; Bolivia; 2022; 5.6; 71; 51; 0.0; 29; 2.0; 72.0; 8; 
359; Bolivia; 2023; 5.684; 69; 51; 0.0; 29; 2.0; 72.0; 8; 
360; Bulgaria; 2013; 3.981; 144; 30; 7.0; 52; 17.0; 0.0; 20; 
361; Bulgaria; 2015; 4.218; 134; 30; 7.0; 52; 17.0; 0.0; 20; 
362; Bulgaria; 2016; 4.217; 129; 30; 7.0; 52; 17.0; 0.0; 20; 
363; Bulgaria; 2017; 4.714; 105; 30; 7.0; 52; 17.0; 0.0; 20; 
364; Bulgaria; 2018; 4.933; 100; 30; 7.0; 52; 17.0; 0.0; 20; 
365; Bulgaria; 2019; 5.011; 97; 30; 7.0; 52; 17.0; 0.0; 20; 
366; Bulgaria; 2020; 5.102; 96; 30; 7.0; 52; 17.0; 0.0; 20; 
367; Bulgaria; 2021; 5.266; 88; 30; 7.0; 52; 17.0; 0.0; 20; 
368; Bulgaria; 2022; 5.371; 85; 30; 7.0; 52; 17.0; 0.0; 20; 
369; Bulgaria; 2023; 5.466; 77; 30; 7.0; 52; 17.0; 0.0; 20; 
370; Ecuador; 2013; 5.865; 49; 51; 0.0; 23; 0.0; 82.0; 3; 
371; Ecuador; 2015; 5.975; 48; 51; 0.0; 23; 0.0; 82.0; 3; 
372; Ecuador; 2016; 5.976; 51; 51; 0.0; 23; 0.0; 82.0; 3; 
373; Ecuador; 2017; 6.008; 44; 51; 0.0; 23; 0.0; 82.0; 3; 
374; Ecuador; 2018; 5.973; 48; 51; 0.0; 23; 0.0; 82.0; 3; 
375; Ecuador; 2019; 6.028; 50; 51; 0.0; 23; 0.0; 82.0; 3; 
376; Ecuador; 2020; 5.925; 58; 51; 0.0; 23; 0.0; 82.0; 3; 
377; Ecuador; 2021; 5.764; 66; 51; 0.0; 23; 0.0; 82.0; 3; 
378; Ecuador; 2022; 5.533; 76; 51; 0.0; 23; 0.0; 82.0; 3; 
379; Ecuador; 2023; 5.559; 74; 51; 0.0; 23; 0.0; 82.0; 3; 
380; Greece; 2013; 5.435; 70; 47; 0.0; 10; 0.0; 0.0; 10; 
381; Greece; 2015; 4.857; 102; 47; 0.0; 10; 0.0; 0.0; 10; 
382; Greece; 2016; 5.033; 99; 47; 0.0; 10; 0.0; 0.0; 10; 
383; Greece; 2017; 5.227; 87; 47; 0.0; 10; 0.0; 0.0; 10; 
384; Greece; 2018; 5.358; 79; 47; 0.0; 10; 0.0; 0.0; 10; 
385; Greece; 2019; 5.287; 82; 47; 0.0; 10; 0.0; 0.0; 10; 
386; Greece; 2020; 5.515; 77; 47; 0.0; 10; 0.0; 0.0; 10; 
387; Greece; 2021; 5.723; 68; 47; 0.0; 10; 0.0; 0.0; 10; 
388; Greece; 2022; 5.948; 58; 47; 0.0; 10; 0.0; 0.0; 10; 
389; Greece; 2023; 5.931; 58; 47; 0.0; 10; 0.0; 0.0; 10; 
390; Guatemala; 2013; 5.965; 47; 42; 0.0; 17; 0.0; 71.0; 24; 
391; Guatemala; 2015; 6.123; 43; 42; 0.0; 17; 0.0; 71.0; 24; 
392; Guatemala; 2016; 6.324; 39; 42; 0.0; 17; 0.0; 71.0; 24; 
393; Guatemala; 2017; 6.454; 29; 42; 0.0; 17; 0.0; 71.0; 24; 
394; Guatemala; 2018; 6.382; 30; 42; 0.0; 17; 0.0; 71.0; 24; 
395; Guatemala; 2019; 6.436; 27; 42; 0.0; 17; 0.0; 71.0; 24; 
396; Guatemala; 2020; 6.399; 29; 42; 0.0; 17; 0.0; 71.0; 24; 
397; Guatemala; 2021; 6.435; 30; 42; 0.0; 17; 0.0; 71.0; 24; 
398; Guatemala; 2022; 6.262; 39; 42; 0.0; 17; 0.0; 71.0; 24; 
399; Guatemala; 2023; 6.15; 43; 42; 0.0; 17; 0.0; 71.0; 24; 
400; Honduras; 2013; 5.142; 84; 50; 0.0; 17; 0.0; 86.0; 7; 
401; Honduras; 2015; 4.788; 105; 50; 0.0; 17; 0.0; 86.0; 7; 
402; Honduras; 2016; 4.871; 104; 50; 0.0; 17; 0.0; 86.0; 7; 
403; Honduras; 2017; 5.181; 91; 50; 0.0; 17; 0.0; 86.0; 7; 
404; Honduras; 2018; 5.504; 72; 50; 0.0; 17; 0.0; 86.0; 7; 
405; Honduras; 2019; 5.86; 59; 50; 0.0; 17; 0.0; 86.0; 7; 
406; Honduras; 2020; 5.953; 56; 50; 0.0; 17; 0.0; 86.0; 7; 
407; Honduras; 2021; 5.919; 59; 50; 0.0; 17; 0.0; 86.0; 7; 
408; Honduras; 2022; 6.022; 55; 50; 0.0; 17; 0.0; 86.0; 7; 
409; Honduras; 2023; 6.023; 53; 50; 0.0; 17; 0.0; 86.0; 7; 
410; Malaysia; 2013; 5.76; 56; 9; 2.0; 59; 3.0; 0.0; 12; 
411; Malaysia; 2015; 5.77; 61; 9; 2.0; 59; 3.0; 0.0; 12; 
412; Malaysia; 2016; 6.005; 47; 9; 2.0; 59; 3.0; 0.0; 12; 
413; Malaysia; 2017; 6.084; 42; 9; 2.0; 59; 3.0; 0.0; 12; 
414; Malaysia; 2018; 6.322; 35; 9; 2.0; 59; 3.0; 0.0; 12; 
415; Malaysia; 2019; 5.339; 80; 9; 2.0; 59; 3.0; 0.0; 12; 
416; Malaysia; 2020; 5.384; 82; 9; 2.0; 59; 3.0; 0.0; 12; 
417; Malaysia; 2021; 5.384; 81; 9; 2.0; 59; 3.0; 0.0; 12; 
418; Malaysia; 2022; 5.711; 70; 9; 2.0; 59; 3.0; 0.0; 12; 
419; Malaysia; 2023; 6.012; 55; 9; 2.0; 59; 3.0; 0.0; 12; 
420; Panama; 2013; 7.143; 15; 50; 0.0; 20; 0.0; 73.0; 4; 
421; Panama; 2015; 6.786; 25; 50; 0.0; 20; 0.0; 73.0; 4; 
422; Panama; 2016; 6.701; 25; 50; 0.0; 20; 0.0; 73.0; 4; 
423; Panama; 2017; 6.452; 30; 50; 0.0; 20; 0.0; 73.0; 4; 
424; Panama; 2018; 6.43; 27; 50; 0.0; 20; 0.0; 73.0; 4; 
425; Panama; 2019; 6.321; 31; 50; 0.0; 20; 0.0; 73.0; 4; 
426; Panama; 2020; 6.305; 36; 50; 0.0; 20; 0.0; 73.0; 4; 
427; Panama; 2021; 6.18; 41; 50; 0.0; 20; 0.0; 73.0; 4; 
428; Panama; 2022; 6.309; 37; 50; 0.0; 20; 0.0; 73.0; 4; 
429; Panama; 2023; 6.265; 38; 50; 0.0; 20; 0.0; 73.0; 4; 
430; Poland; 2013; 5.822; 51; 38; 9.0; 21; 6.0; 0.0; 5; 
431; Poland; 2015; 5.791; 60; 38; 9.0; 21; 6.0; 0.0; 5; 
432; Poland; 2016; 5.835; 58; 38; 9.0; 21; 6.0; 0.0; 5; 
433; Poland; 2017; 5.973; 46; 38; 9.0; 21; 6.0; 0.0; 5; 
434; Poland; 2018; 6.123; 42; 38; 9.0; 21; 6.0; 0.0; 5; 
435; Poland; 2019; 6.182; 40; 38; 9.0; 21; 6.0; 0.0; 5; 
436; Poland; 2020; 6.186; 43; 38; 9.0; 21; 6.0; 0.0; 5; 
437; Poland; 2021; 6.166; 44; 38; 9.0; 21; 6.0; 0.0; 5; 
438; Poland; 2022; 6.123; 48; 38; 9.0; 21; 6.0; 0.0; 5; 
439; Poland; 2023; 6.26; 39; 38; 9.0; 21; 6.0; 0.0; 5; 
440; Sweden; 2013; 7.48; 5; 31; 17.0; 61; 4.0; 0.0; 10; 
441; Sweden; 2015; 7.364; 8; 31; 17.0; 61; 4.0; 0.0; 10; 
442; Sweden; 2016; 7.291; 10; 31; 17.0; 61; 4.0; 0.0; 10; 
443; Sweden; 2017; 7.284; 10; 31; 17.0; 61; 4.0; 0.0; 10; 
444; Sweden; 2018; 7.314; 9; 31; 17.0; 61; 4.0; 0.0; 10; 
445; Sweden; 2019; 7.343; 7; 31; 17.0; 61; 4.0; 0.0; 10; 
446; Sweden; 2020; 7.353; 7; 31; 17.0; 61; 4.0; 0.0; 10; 
447; Sweden; 2021; 7.363; 7; 31; 17.0; 61; 4.0; 0.0; 10; 
448; Sweden; 2022; 7.384; 7; 31; 17.0; 61; 4.0; 0.0; 10; 
449; Sweden; 2023; 7.395; 6; 31; 17.0; 61; 4.0; 0.0; 10; 
450; Austria; 2013; 7.369; 8; 28; 17.0; 28; 6.0; 2.0; 12; 
451; Austria; 2015; 7.2; 13; 28; 17.0; 28; 6.0; 2.0; 12; 
452; Austria; 2016; 7.119; 12; 28; 17.0; 28; 6.0; 2.0; 12; 
453; Austria; 2017; 7.006; 13; 28; 17.0; 28; 6.0; 2.0; 12; 
454; Austria; 2018; 7.139; 12; 28; 17.0; 28; 6.0; 2.0; 12; 
455; Austria; 2019; 7.246; 10; 28; 17.0; 28; 6.0; 2.0; 12; 
456; Austria; 2020; 7.294; 9; 28; 17.0; 28; 6.0; 2.0; 12; 
457; Austria; 2021; 7.268; 10; 28; 17.0; 28; 6.0; 2.0; 12; 
458; Austria; 2022; 7.163; 11; 28; 17.0; 28; 6.0; 2.0; 12; 
459; Austria; 2023; 7.097; 11; 28; 17.0; 28; 6.0; 2.0; 12; 
460; Finland; 2013; 7.389; 7; 27; 5.0; 53; 7.0; 0.0; 4; 
461; Finland; 2015; 7.406; 6; 27; 5.0; 53; 7.0; 0.0; 4; 
462; Finland; 2016; 7.413; 5; 27; 5.0; 53; 7.0; 0.0; 4; 
463; Finland; 2017; 7.469; 5; 27; 5.0; 53; 7.0; 0.0; 4; 
464; Finland; 2018; 7.632; 1; 27; 5.0; 53; 7.0; 0.0; 4; 
465; Finland; 2019; 7.769; 1; 27; 5.0; 53; 7.0; 0.0; 4; 
466; Finland; 2020; 7.809; 1; 27; 5.0; 53; 7.0; 0.0; 4; 
467; Finland; 2021; 7.842; 1; 27; 5.0; 53; 7.0; 0.0; 4; 
468; Finland; 2022; 7.821; 1; 27; 5.0; 53; 7.0; 0.0; 4; 
469; Finland; 2023; 7.804; 1; 27; 5.0; 53; 7.0; 0.0; 4; 
470; Hungary; 2013; 4.775; 110; 18; 21.0; 33; 9.0; 2.0; 8; 
471; Hungary; 2015; 4.8; 104; 18; 21.0; 33; 9.0; 2.0; 8; 
472; Hungary; 2016; 5.145; 91; 18; 21.0; 33; 9.0; 2.0; 8; 
473; Hungary; 2017; 5.324; 75; 18; 21.0; 33; 9.0; 2.0; 8; 
474; Hungary; 2018; 5.62; 69; 18; 21.0; 33; 9.0; 2.0; 8; 
475; Hungary; 2019; 5.758; 62; 18; 21.0; 33; 9.0; 2.0; 8; 
476; Hungary; 2020; 6; 53; 18; 21.0; 33; 9.0; 2.0; 8; 
477; Hungary; 2021; 5.992; 53; 18; 21.0; 33; 9.0; 2.0; 8; 
478; Hungary; 2022; 6.086; 51; 18; 21.0; 33; 9.0; 2.0; 8; 
479; Hungary; 2023; 6.041; 51; 18; 21.0; 33; 9.0; 2.0; 8; 
480; Iceland; 2013; 7.355; 9; 22; 4.0; 47; 11.0; 2.0; 38; 
481; Iceland; 2015; 7.561; 2; 22; 4.0; 47; 11.0; 2.0; 38; 
482; Iceland; 2016; 7.501; 3; 22; 4.0; 47; 11.0; 2.0; 38; 
483; Iceland; 2017; 7.504; 3; 22; 4.0; 47; 11.0; 2.0; 38; 
484; Iceland; 2018; 7.494; 4; 22; 4.0; 47; 11.0; 2.0; 38; 
485; Iceland; 2019; 7.554; 4; 22; 4.0; 47; 11.0; 2.0; 38; 
486; Iceland; 2020; 7.504; 4; 22; 4.0; 47; 11.0; 2.0; 38; 
487; Iceland; 2021; 7.554; 4; 22; 4.0; 47; 11.0; 2.0; 38; 
488; Iceland; 2022; 7.557; 3; 22; 4.0; 47; 11.0; 2.0; 38; 
489; Iceland; 2023; 7.53; 3; 22; 4.0; 47; 11.0; 2.0; 38; 
490; Lithuania; 2013; 5.426; 71; 22; 18.0; 41; 11.0; 0.0; 12; 
491; Lithuania; 2015; 5.833; 56; 22; 18.0; 41; 11.0; 0.0; 12; 
492; Lithuania; 2016; 5.813; 60; 22; 18.0; 41; 11.0; 0.0; 12; 
493; Lithuania; 2017; 5.902; 52; 22; 18.0; 41; 11.0; 0.0; 12; 
494; Lithuania; 2018; 5.952; 50; 22; 18.0; 41; 11.0; 0.0; 12; 
495; Lithuania; 2019; 6.149; 42; 22; 18.0; 41; 11.0; 0.0; 12; 
496; Lithuania; 2020; 6.215; 41; 22; 18.0; 41; 11.0; 0.0; 12; 
497; Lithuania; 2021; 6.255; 38; 22; 18.0; 41; 11.0; 0.0; 12; 
498; Lithuania; 2022; 6.446; 34; 22; 18.0; 41; 11.0; 0.0; 12; 
499; Lithuania; 2023; 6.763; 20; 22; 18.0; 41; 11.0; 0.0; 12; 
500; Nicaragua; 2013; 5.507; 65; 51; 0.0; 15; 0.0; 83.0; 7; 
501; Nicaragua; 2015; 5.828; 57; 51; 0.0; 15; 0.0; 83.0; 7; 
502; Nicaragua; 2016; 5.992; 48; 51; 0.0; 15; 0.0; 83.0; 7; 
503; Nicaragua; 2017; 6.071; 43; 51; 0.0; 15; 0.0; 83.0; 7; 
504; Nicaragua; 2018; 6.141; 41; 51; 0.0; 15; 0.0; 83.0; 7; 
505; Nicaragua; 2019; 6.105; 45; 51; 0.0; 15; 0.0; 83.0; 7; 
506; Nicaragua; 2020; 6.137; 46; 51; 0.0; 15; 0.0; 83.0; 7; 
507; Nicaragua; 2021; 5.972; 55; 51; 0.0; 15; 0.0; 83.0; 7; 
508; Nicaragua; 2022; 6.165; 45; 51; 0.0; 15; 0.0; 83.0; 7; 
509; Nicaragua; 2023; 6.259; 40; 51; 0.0; 15; 0.0; 83.0; 7; 
510; Romania; 2013; 5.033; 90; 8; 7.0; 18; 4.0; 0.0; 4; 
511; Romania; 2015; 5.124; 86; 8; 7.0; 18; 4.0; 0.0; 4; 
512; Romania; 2016; 5.528; 71; 8; 7.0; 18; 4.0; 0.0; 4; 
513; Romania; 2017; 5.825; 57; 8; 7.0; 18; 4.0; 0.0; 4; 
514; Romania; 2018; 5.945; 52; 8; 7.0; 18; 4.0; 0.0; 4; 
515; Romania; 2019; 6.07; 48; 8; 7.0; 18; 4.0; 0.0; 4; 
516; Romania; 2020; 6.124; 47; 8; 7.0; 18; 4.0; 0.0; 4; 
517; Romania; 2021; 6.14; 46; 8; 7.0; 18; 4.0; 0.0; 4; 
518; Romania; 2022; 6.477; 28; 8; 7.0; 18; 4.0; 0.0; 4; 
519; Romania; 2023; 5.689; 24; 8; 7.0; 18; 4.0; 0.0; 4; 
520; Singapore; 2013; 6.546; 30; 12; 3.0; 60; 4.0; 0.0; 9; 
521; Singapore; 2015; 6.798; 24; 12; 3.0; 60; 4.0; 0.0; 9; 
522; Singapore; 2016; 6.739; 22; 12; 3.0; 60; 4.0; 0.0; 9; 
523; Singapore; 2017; 6.572; 26; 12; 3.0; 60; 4.0; 0.0; 9; 
524; Singapore; 2018; 6.343; 34; 12; 3.0; 60; 4.0; 0.0; 9; 
525; Singapore; 2019; 6.262; 34; 12; 3.0; 60; 4.0; 0.0; 9; 
526; Singapore; 2020; 6.377; 31; 12; 3.0; 60; 4.0; 0.0; 9; 
527; Singapore; 2021; 6.377; 32; 12; 3.0; 60; 4.0; 0.0; 9; 
528; Singapore; 2022; 6.48; 27; 12; 3.0; 60; 4.0; 0.0; 9; 
529; Singapore; 2023; 6.587; 25; 12; 3.0; 60; 4.0; 0.0; 9; 
530; Switzerland; 2013; 7.65; 3; 39; 25.0; 59; 6.0; 2.0; 13; 
531; Switzerland; 2015; 7.587; 1; 39; 25.0; 59; 6.0; 2.0; 13; 
532; Switzerland; 2016; 7.509; 2; 39; 25.0; 59; 6.0; 2.0; 13; 
533; Switzerland; 2017; 7.494; 4; 39; 25.0; 59; 6.0; 2.0; 13; 
534; Switzerland; 2018; 7.487; 5; 39; 25.0; 59; 6.0; 2.0; 13; 
535; Switzerland; 2019; 7.48; 6; 39; 25.0; 59; 6.0; 2.0; 13; 
536; Switzerland; 2020; 7.56; 3; 39; 25.0; 59; 6.0; 2.0; 13; 
537; Switzerland; 2021; 7.571; 3; 39; 25.0; 59; 6.0; 2.0; 13; 
538; Switzerland; 2022; 7.512; 4; 39; 25.0; 59; 6.0; 2.0; 13; 
539; Switzerland; 2023; 7.24; 8; 39; 25.0; 59; 6.0; 2.0; 13; 
540; Uruguay; 2013; 6.355; 37; 50; 0.0; 30; 0.0; 32.0; 5; 
541; Uruguay; 2015; 6.485; 32; 50; 0.0; 30; 0.0; 32.0; 5; 
542; Uruguay; 2016; 6.545; 29; 50; 0.0; 30; 0.0; 32.0; 5; 
543; Uruguay; 2017; 6.454; 28; 50; 0.0; 30; 0.0; 32.0; 5; 
544; Uruguay; 2018; 6.379; 31; 50; 0.0; 30; 0.0; 32.0; 5; 
545; Uruguay; 2019; 6.293; 33; 50; 0.0; 30; 0.0; 32.0; 5; 
546; Uruguay; 2020; 6.44; 26; 50; 0.0; 30; 0.0; 32.0; 5; 
547; Uruguay; 2021; 6.431; 31; 50; 0.0; 30; 0.0; 32.0; 5; 
548; Uruguay; 2022; 6.474; 30; 50; 0.0; 30; 0.0; 32.0; 5; 
549; Uruguay; 2023; 6.494; 28; 50; 0.0; 30; 0.0; 32.0; 5; 
550; Indonesia; 2013; 5.348; 76; 2; 0.0; 27; 0.0; 0.0; 21; 
551; Indonesia; 2015; 5.399; 74; 2; 0.0; 27; 0.0; 0.0; 21; 
552; Indonesia; 2016; 5.314; 79; 2; 0.0; 27; 0.0; 0.0; 21; 
553; Indonesia; 2017; 5.262; 81; 2; 0.0; 27; 0.0; 0.0; 21; 
554; Indonesia; 2018; 5.093; 96; 2; 0.0; 27; 0.0; 0.0; 21; 
555; Indonesia; 2019; 5.192; 92; 2; 0.0; 27; 0.0; 0.0; 21; 
556; Indonesia; 2020; 5.286; 84; 2; 0.0; 27; 0.0; 0.0; 21; 
557; Indonesia; 2021; 5.345; 82; 2; 0.0; 27; 0.0; 0.0; 21; 
558; Indonesia; 2022; 5.24; 87; 2; 0.0; 27; 0.0; 0.0; 21; 
559; Indonesia; 2023; 5.277; 84; 2; 0.0; 27; 0.0; 0.0; 21; 
560; Mongolia; 2013; 4.834; 102; 108; 0.0; 113; 16.0; 0.0; 17; 
561; Mongolia; 2015; 4.874; 100; 108; 0.0; 113; 16.0; 0.0; 17; 
562; Mongolia; 2016; 4.907; 101; 108; 0.0; 113; 16.0; 0.0; 17; 
563; Mongolia; 2017; 4.955; 100; 108; 0.0; 113; 16.0; 0.0; 17; 
564; Mongolia; 2018; 5.125; 94; 108; 0.0; 113; 16.0; 0.0; 17; 
565; Mongolia; 2019; 5.285; 83; 108; 0.0; 113; 16.0; 0.0; 17; 
566; Mongolia; 2020; 5.456; 81; 108; 0.0; 113; 16.0; 0.0; 17; 
567; Mongolia; 2021; 5.677; 70; 108; 0.0; 113; 16.0; 0.0; 17; 
568; Mongolia; 2022; 5.761; 68; 108; 0.0; 113; 16.0; 0.0; 17; 
569; Mongolia; 2023; 5.84; 61; 108; 0.0; 113; 16.0; 0.0; 17; 
570; Pakistan; 2013; 5.292; 81; 32; 1.0; 39; 1.0; 0.0; 28; 
571; Pakistan; 2015; 5.194; 81; 32; 1.0; 39; 1.0; 0.0; 28; 
572; Pakistan; 2016; 5.132; 92; 32; 1.0; 39; 1.0; 0.0; 28; 
573; Pakistan; 2017; 5.269; 80; 32; 1.0; 39; 1.0; 0.0; 28; 
574; Pakistan; 2018; 5.472; 75; 32; 1.0; 39; 1.0; 0.0; 28; 
575; Pakistan; 2019; 5.653; 67; 32; 1.0; 39; 1.0; 0.0; 28; 
576; Pakistan; 2020; 5.693; 66; 32; 1.0; 39; 1.0; 0.0; 28; 
577; Pakistan; 2021; 4.934; 105; 32; 1.0; 39; 1.0; 0.0; 28; 
578; Pakistan; 2022; 4.516; 121; 32; 1.0; 39; 1.0; 0.0; 28; 
579; Pakistan; 2023; 4.555; 108; 32; 1.0; 39; 1.0; 0.0; 28; 
580; Philippines; 2013; 4.985; 92; 24; 2.0; 37; 0.0; 0.0; 23; 
581; Philippines; 2015; 5.073; 90; 24; 2.0; 37; 0.0; 0.0; 23; 
582; Philippines; 2016; 5.279; 82; 24; 2.0; 37; 0.0; 0.0; 23; 
583; Philippines; 2017; 5.43; 72; 24; 2.0; 37; 0.0; 0.0; 23; 
584; Philippines; 2018; 5.524; 71; 24; 2.0; 37; 0.0; 0.0; 23; 
585; Philippines; 2019; 5.631; 69; 24; 2.0; 37; 0.0; 0.0; 23; 
586; Philippines; 2020; 6.006; 52; 24; 2.0; 37; 0.0; 0.0; 23; 
587; Philippines; 2021; 5.88; 61; 24; 2.0; 37; 0.0; 0.0; 23; 
588; Philippines; 2022; 5.904; 60; 24; 2.0; 37; 0.0; 0.0; 23; 
589; Philippines; 2023; 5.523; 76; 24; 2.0; 37; 0.0; 0.0; 23; 
590; Brazil; 2013; 6.849; 24; 9; 0.0; 20; 2.0; 0.0; 78; 
591; Brazil; 2015; 6.983; 16; 9; 0.0; 20; 2.0; 0.0; 78; 
592; Brazil; 2016; 6.952; 17; 9; 0.0; 20; 2.0; 0.0; 78; 
593; Brazil; 2017; 6.635; 22; 9; 0.0; 20; 2.0; 0.0; 78; 
594; Brazil; 2018; 6.419; 28; 9; 0.0; 20; 2.0; 0.0; 78; 
595; Brazil; 2019; 6.3; 32; 9; 0.0; 20; 2.0; 0.0; 78; 
596; Brazil; 2020; 6.376; 32; 9; 0.0; 20; 2.0; 0.0; 78; 
597; Brazil; 2021; 6.33; 35; 9; 0.0; 20; 2.0; 0.0; 78; 
598; Brazil; 2022; 6.293; 38; 9; 0.0; 20; 2.0; 0.0; 78; 
599; Brazil; 2023; 6.125; 49; 9; 0.0; 20; 2.0; 0.0; 78; 
